Model,Valid_RMSE,Valid_MAE,Valid_R2,Best_Iteration
XGBoost_EarlyStopping,19010.171836113055,13462.06632598458,0.9345755846026342,761
