Fold,RMSE_Log
1,0.1156060353263447
2,0.10900101970147132
3,0.12108734793903868
4,0.12105724145631111
5,0.10617235677204882
Mean,0.11458480023904294
Std,0.006118273501280956
